{"loss": 0.2153742015361786, "categorical_accuracy": 0.9405999779701233, "precision": 0.9529857635498047, "recall": 0.930400013923645, "ROC": 0.9943784475326538, "PR": 0.9776721000671387, "true_positives": 9304.0, "true_negatives": 89541.0, "false_positives": 459.0, "false_negatives": 696.0}